won,lost,size,elapsed_time,last_move_random,agent
True,False,8,0.0029690000000002215,False,fol
True,False,8,0.0024500000000005073,False,fol
False,True,8,0.0005129999999997636,True,fol
True,False,8,0.0023479999999995727,False,fol
True,False,8,0.0023170000000005686,False,fol
True,False,8,0.0010339999999997573,True,fol
True,False,8,0.002387000000000583,False,fol
True,False,8,0.002513999999999683,False,fol
True,False,8,0.002811000000000341,False,fol
True,False,8,0.002457999999999849,False,fol
True,False,8,0.00247099999999989,False,fol
True,False,8,0.0024160000000001958,False,fol
True,False,8,0.0022050000000000125,False,fol
True,False,8,0.0027020000000002042,False,fol
True,False,8,0.002330999999999861,False,fol
True,False,8,0.0023409999999994824,False,fol
True,False,8,0.0022900000000003473,False,fol
True,False,8,0.0024920000000001608,False,fol
True,False,8,0.0024969999999999715,False,fol
True,False,8,0.002771000000000079,False,fol
True,False,8,0.0019059999999999633,False,fol
True,False,8,0.002634999999999721,False,fol
True,False,8,0.0022980000000005774,False,fol
True,False,8,0.0011120000000000019,True,fol
True,False,8,0.002432000000000656,False,fol
True,False,8,0.002659000000000411,False,fol
True,False,8,0.002355000000000551,False,fol
True,False,8,0.002271000000000356,False,fol
True,False,8,0.0026209999999995404,False,fol
True,False,8,0.0023980000000003443,False,fol
True,False,8,0.0023879999999998347,False,fol
True,False,8,0.002582999999999558,False,fol
True,False,8,0.001987000000000627,False,fol
True,False,8,0.0025360000000000937,False,fol
True,False,8,0.0025380000000003733,False,fol
True,False,8,0.002642999999999951,False,fol
True,False,8,0.0027199999999991675,False,fol
True,False,8,0.0028839999999998867,False,fol
False,True,8,0.0004780000000002005,True,fol
True,False,8,0.0024599999999992406,False,fol
True,False,8,0.0024180000000004753,False,fol
True,False,8,0.002070999999999934,False,fol
True,False,8,0.0022129999999993544,False,fol
True,False,8,0.0024799999999993716,False,fol
True,False,8,0.0009490000000003107,True,fol
True,False,8,0.0024799999999993716,False,fol
False,True,8,0.00016200000000043957,True,fol
True,False,8,0.000980000000000203,True,fol
True,False,8,0.0024479999999993396,False,fol
True,False,8,0.0021329999999997185,False,fol
True,False,8,0.0021839999999997417,False,fol
True,False,8,0.0022039999999998727,False,fol
True,False,8,0.002124000000000237,False,fol
True,False,8,0.002371000000000123,False,fol
True,False,8,0.0024600000000001288,False,fol
True,False,8,0.002769999999999939,False,fol
True,False,8,0.003038000000000096,False,fol
True,False,8,0.0021610000000000795,False,fol
True,False,8,0.002435000000000187,False,fol
True,False,8,0.00291899999999945,False,fol
True,False,8,0.0018820000000001613,False,fol
True,False,8,0.0010040000000000049,True,fol
True,False,8,0.0021729999999999805,False,fol
True,False,8,0.0026780000000004023,False,fol
True,False,8,0.002346999999999433,False,fol
True,False,8,0.002340000000000231,False,fol
True,False,8,0.002199000000000062,False,fol
False,True,8,0.0015459999999993812,True,fol
True,False,8,0.0023770000000000735,False,fol
True,False,8,0.0019900000000001583,False,fol
True,False,8,0.0026640000000002217,False,fol
True,False,8,0.002581999999999418,False,fol
True,False,8,0.0024340000000000472,False,fol
False,True,8,0.0001660000000001105,True,fol
True,False,8,0.002881999999999607,False,fol
True,False,8,0.00231099999999973,False,fol
False,True,8,0.0024779999999999802,True,fol
True,False,8,0.0020139999999999603,False,fol
True,False,8,0.002413999999999916,False,fol
True,False,8,0.0022729999999997474,False,fol
True,False,8,0.0024449999999998084,False,fol
True,False,8,0.001843000000000039,False,fol
True,False,8,0.0023699999999999832,False,fol
True,False,8,0.0022500000000000853,False,fol
True,False,8,0.0023479999999995727,False,fol
False,True,8,0.0003329999999994726,True,fol
True,False,8,0.0023999999999997357,False,fol
True,False,8,0.0021719999999998407,False,fol
True,False,8,0.002360000000000362,False,fol
False,True,8,0.00033400000000050056,True,fol
True,False,8,0.0021940000000002513,False,fol
True,False,8,0.0016540000000002664,False,fol
True,False,8,0.0025040000000000617,False,fol
True,False,8,0.002508000000000621,False,fol
True,False,8,0.0025810000000001665,False,fol
True,False,8,0.0021930000000001115,False,fol
True,False,8,0.0024799999999993716,False,fol
True,False,8,0.0023610000000005016,False,fol
True,False,8,0.002413999999999916,False,fol
True,False,8,0.002247000000000554,False,fol
True,False,8,0.24717500000000037,False,neural
True,False,8,0.23048500000000072,False,neural
True,False,8,0.0009269999999999001,False,neural
True,False,8,0.06313600000000008,False,neural
False,True,8,0.10912899999999937,False,neural
False,True,8,0.050644999999999385,False,neural
True,False,8,0.18228699999999964,False,neural
True,False,8,0.18070400000000042,False,neural
True,False,8,0.16819899999999954,False,neural
True,False,8,0.15296800000000133,False,neural
True,False,8,0.09728899999999996,False,neural
False,True,8,0.07135599999999975,False,neural
False,True,8,0.105163000000001,False,neural
False,True,8,0.05411699999999975,False,neural
False,True,8,2.2999999998774e-05,False,neural
True,False,8,0.19818499999999872,False,neural
True,False,8,0.14147899999999858,False,neural
True,False,8,0.13019200000000097,False,neural
False,True,8,0.03555799999999998,False,neural
True,False,8,0.1557410000000008,False,neural
False,True,8,0.026718000000000686,False,neural
True,False,8,0.1539230000000007,False,neural
True,False,8,0.16167399999999965,False,neural
True,False,8,0.11611800000000017,False,neural
False,True,8,0.07118600000000086,False,neural
True,False,8,0.29686599999999963,False,neural
True,False,8,0.15928399999999954,False,neural
True,False,8,0.10998600000000103,False,neural
True,False,8,0.11300300000000085,False,neural
False,True,8,2.3999999999801958e-05,False,neural
True,False,8,0.0504200000000008,False,neural
True,False,8,0.02605700000000155,False,neural
True,False,8,0.025584000000000273,False,neural
True,False,8,0.08909500000000037,False,neural
True,False,8,0.16210000000000058,False,neural
False,True,8,0.2594750000000001,False,neural
True,False,8,0.10240399999999994,False,neural
True,False,8,0.11383399999999888,False,neural
False,True,8,2.3999999999801958e-05,False,neural
True,False,8,0.19202399999999997,False,neural
False,True,8,0.07940199999999997,False,neural
False,True,8,0.1056910000000002,False,neural
True,False,8,0.20767799999999959,False,neural
True,False,8,0.10820600000000091,False,neural
True,False,8,0.21963100000000146,False,neural
True,False,8,0.43120900000000084,False,neural
True,False,8,0.0008100000000013097,False,neural
True,False,8,0.0634920000000001,False,neural
True,False,8,0.2286999999999999,False,neural
True,False,8,0.0787469999999999,False,neural
True,False,8,0.07580799999999854,False,neural
True,False,8,0.17018199999999872,False,neural
True,False,8,0.21645899999999862,False,neural
True,False,8,0.10782399999999903,False,neural
True,False,8,0.12454800000000077,False,neural
True,False,8,0.10572600000000065,False,neural
True,False,8,0.02675799999999917,False,neural
True,False,8,0.18734899999999932,False,neural
True,False,8,0.20886299999999913,False,neural
True,False,8,0.08008099999999985,False,neural
True,False,8,0.10265599999999964,False,neural
False,True,8,0.13575299999999935,False,neural
True,False,8,0.13537899999999858,False,neural
True,False,8,0.11400399999999955,False,neural
True,False,8,0.22643399999999936,False,neural
True,False,8,0.22041500000000092,False,neural
True,False,8,0.07881500000000052,False,neural
True,False,8,0.32263900000000056,False,neural
True,False,8,0.10755200000000009,False,neural
True,False,8,0.05180200000000035,False,neural
True,False,8,0.11868499999999926,False,neural
True,False,8,0.16482099999999988,False,neural
True,False,8,0.09169699999999992,False,neural
False,True,8,2.6999999999333113e-05,False,neural
True,False,8,0.11675100000000072,False,neural
False,True,8,0.035160999999998666,False,neural
True,False,8,0.054106000000000876,False,neural
True,False,8,0.2326769999999989,False,neural
True,False,8,0.07343399999999889,False,neural
True,False,8,0.1802640000000011,False,neural
True,False,8,0.07712700000000083,False,neural
True,False,8,0.18964599999999976,False,neural
True,False,8,0.17447400000000002,False,neural
True,False,8,0.1837420000000023,False,neural
False,True,8,0.08192400000000077,False,neural
False,True,8,0.03817799999999849,False,neural
True,False,8,0.17833900000000114,False,neural
False,True,8,2.3999999999801958e-05,False,neural
True,False,8,0.08786500000000075,False,neural
True,False,8,0.09750600000000276,False,neural
True,False,8,0.07907499999999956,False,neural
True,False,8,0.2717899999999993,False,neural
True,False,8,0.07718599999999753,False,neural
True,False,8,0.051434000000000424,False,neural
True,False,8,0.05493900000000096,False,neural
True,False,8,0.134643999999998,False,neural
True,False,8,0.13035899999999856,False,neural
True,False,8,0.15804700000000338,False,neural
True,False,8,0.09971200000000024,False,neural
False,True,8,0.03481800000000135,False,neural
True,False,10,0.004028999999999172,False,fol
True,False,10,0.00413199999999847,False,fol
True,False,10,0.004176999999998543,False,fol
True,False,10,0.0038820000000008292,False,fol
True,False,10,0.004263000000001682,False,fol
True,False,10,0.004020000000000579,False,fol
True,False,10,0.004184999999999661,False,fol
True,False,10,0.0035339999999983718,False,fol
True,False,10,0.003986000000001155,False,fol
True,False,10,0.003769999999999385,False,fol
True,False,10,0.003985000000000127,False,fol
True,False,10,0.004049999999999443,False,fol
False,True,10,0.0006990000000008934,True,fol
True,False,10,0.0038599999999995305,False,fol
True,False,10,0.003955999999998738,False,fol
False,True,10,0.00020100000000056184,True,fol
False,True,10,0.003876999999999242,True,fol
False,True,10,0.00019800000000103068,True,fol
True,False,10,0.003899000000000541,False,fol
True,False,10,0.003697000000002504,False,fol
True,False,10,0.0038749999999971863,False,fol
True,False,10,0.003747000000000611,False,fol
True,False,10,0.003917000000001281,False,fol
True,False,10,0.0034989999999979204,False,fol
True,False,10,0.003312999999998567,False,fol
True,False,10,0.003448000000002338,False,fol
True,False,10,0.003825000000002632,False,fol
False,True,10,0.0002059999999985962,True,fol
True,False,10,0.0036039999999992745,False,fol
True,False,10,0.003699000000001007,False,fol
True,False,10,0.0035810000000005004,False,fol
True,False,10,0.005105000000000359,False,fol
True,False,10,0.0038160000000004857,False,fol
True,False,10,0.003842999999999819,False,fol
True,False,10,0.0039639999999998565,False,fol
True,False,10,0.003972000000000975,False,fol
True,False,10,0.00341500000000039,False,fol
True,False,10,0.0038119999999999266,False,fol
True,False,10,0.003446000000000282,False,fol
True,False,10,0.0032779999999981158,False,fol
False,True,10,0.0037820000000010623,True,fol
True,False,10,0.0032479999999992515,False,fol
False,True,10,0.0002020000000015898,True,fol
True,False,10,0.003921999999999315,False,fol
True,False,10,0.0036079999999998336,False,fol
True,False,10,0.0038519999999984122,False,fol
True,False,10,0.002983000000000402,False,fol
True,False,10,0.003747999999998086,False,fol
True,False,10,0.00400499999999937,False,fol
True,False,10,0.0012720000000001619,True,fol
True,False,10,0.004099000000000075,False,fol
True,False,10,0.0033309999999993067,False,fol
True,False,10,0.0038960000000010098,False,fol
True,False,10,0.003975999999997981,False,fol
True,False,10,0.0034770000000001744,False,fol
True,False,10,0.004379000000000133,False,fol
True,False,10,0.0038900000000019475,False,fol
True,False,10,0.003540000000000987,False,fol
True,False,10,0.0034780000000012024,False,fol
True,False,10,0.0036070000000023583,False,fol
False,True,10,0.00038800000000094315,True,fol
False,True,10,0.003596999999999184,True,fol
True,False,10,0.0036249999999995453,False,fol
True,False,10,0.004345000000000709,False,fol
True,False,10,0.0035269999999982815,False,fol
True,False,10,0.004408999999998997,False,fol
True,False,10,0.004265000000000185,False,fol
True,False,10,0.003439000000000192,False,fol
True,False,10,0.003496000000001942,False,fol
True,False,10,0.003667000000000087,False,fol
True,False,10,0.00420700000000096,False,fol
True,False,10,0.003316000000001651,False,fol
True,False,10,0.004201000000001898,False,fol
True,False,10,0.0039650000000008845,False,fol
True,False,10,0.00371900000000025,False,fol
True,False,10,0.0040869999999983975,False,fol
True,False,10,0.003947000000000145,False,fol
False,True,10,0.00020199999999803708,True,fol
False,True,10,0.00039400000000000546,True,fol
True,False,10,0.0034020000000012374,False,fol
True,False,10,0.0032290000000010366,False,fol
True,False,10,0.003363000000000227,False,fol
True,False,10,0.0037079999999996005,False,fol
True,False,10,0.003236000000001127,False,fol
True,False,10,0.00396599999999836,False,fol
True,False,10,0.0039039999999985753,False,fol
True,False,10,0.004061000000000092,False,fol
True,False,10,0.004148000000000707,False,fol
True,False,10,0.00387800000000027,False,fol
True,False,10,0.003294000000000352,False,fol
True,False,10,0.00332000000000221,False,fol
True,False,10,0.003826000000000107,False,fol
True,False,10,0.0032029999999991787,False,fol
True,False,10,0.003860000000003083,False,fol
True,False,10,0.004458999999997104,False,fol
True,False,10,0.003675000000001205,False,fol
True,False,10,0.003600000000002268,False,fol
True,False,10,0.004299999999997084,False,fol
True,False,10,0.004263999999999157,False,fol
True,False,10,0.003793999999999187,False,fol
True,False,10,0.39715799999999746,False,neural
True,False,10,0.12203599999999781,False,neural
False,True,10,0.18165499999999923,False,neural
True,False,10,0.08011699999999777,False,neural
True,False,10,0.19472499999999826,False,neural
False,True,10,0.3319650000000003,False,neural
False,True,10,2.3999999999801958e-05,False,neural
True,False,10,0.02631099999999975,False,neural
True,False,10,0.4858569999999993,False,neural
True,False,10,0.21189999999999998,False,neural
False,True,10,0.16322500000000062,False,neural
False,True,10,0.04037500000000094,False,neural
True,False,10,0.24881300000000195,False,neural
False,True,10,0.04081600000000307,False,neural
False,True,10,0.18197699999999983,False,neural
True,False,10,0.05215600000000009,False,neural
False,True,10,0.027315999999999008,False,neural
True,False,10,0.1987950000000005,False,neural
True,False,10,0.4500990000000016,False,neural
False,True,10,0.1410519999999984,False,neural
False,True,10,2.5000000000829914e-05,False,neural
True,False,10,0.35944800000000043,False,neural
True,False,10,0.18863199999999836,False,neural
True,False,10,0.1780229999999996,False,neural
True,False,10,0.24909999999999854,False,neural
False,True,10,0.18415900000000107,False,neural
True,False,10,0.17819700000000083,False,neural
False,True,10,0.27074500000000157,False,neural
True,False,10,0.15058900000000008,False,neural
False,True,10,2.5000000000829914e-05,False,neural
True,False,10,0.2425290000000011,False,neural
False,True,10,0.08218000000000103,False,neural
True,False,10,0.026309000000001248,False,neural
True,False,10,0.14635200000000026,False,neural
True,False,10,0.14425699999999964,False,neural
False,True,10,0.0433640000000004,False,neural
True,False,10,0.23379600000000167,False,neural
True,False,10,0.22570599999999885,False,neural
True,False,10,0.15661899999999918,False,neural
False,True,10,0.1753309999999999,False,neural
False,True,10,0.02833000000000041,False,neural
True,False,10,0.05295300000000225,False,neural
False,True,10,2.3999999999801958e-05,False,neural
False,True,10,0.1620129999999982,False,neural
False,True,10,2.3999999999801958e-05,False,neural
False,True,10,0.04152400000000256,False,neural
True,False,10,0.4535739999999997,False,neural
True,False,10,0.3925149999999995,False,neural
True,False,10,0.20661900000000344,False,neural
True,False,10,0.3038419999999995,False,neural
False,True,10,0.23000899999999902,False,neural
True,False,10,0.24237500000000267,False,neural
True,False,10,0.36624199999999973,False,neural
False,True,10,0.05734700000000004,False,neural
False,True,10,0.1974260000000001,False,neural
True,False,10,0.1678670000000011,False,neural
True,False,10,0.1147039999999997,False,neural
True,False,10,0.2915559999999999,False,neural
True,False,10,0.24514699999999934,False,neural
True,False,10,0.4087340000000026,False,neural
True,False,10,0.331823,False,neural
True,False,10,0.43658399999999986,False,neural
True,False,10,0.17414400000000185,False,neural
False,True,10,2.5000000000829914e-05,False,neural
False,True,10,0.1827210000000008,False,neural
False,True,10,0.12127400000000321,False,neural
False,True,10,0.08106500000000239,False,neural
True,False,10,0.18669500000000028,False,neural
True,False,10,0.29391899999999893,False,neural
True,False,10,0.10248499999999439,False,neural
True,False,10,0.08168000000000575,False,neural
True,False,10,0.3573200000000014,False,neural
True,False,10,0.10550400000000337,False,neural
False,True,10,0.2677670000000063,False,neural
True,False,10,0.10631399999999758,False,neural
True,False,10,0.027570000000004313,False,neural
False,True,10,2.400000000335467e-05,False,neural
True,False,10,0.33687400000000167,False,neural
False,True,10,0.20933300000000088,False,neural
True,False,10,0.15735300000000052,False,neural
True,False,10,0.17059399999999414,False,neural
False,True,10,0.12776099999999957,False,neural
True,False,10,0.12906799999999663,False,neural
True,False,10,0.504482000000003,False,neural
True,False,10,0.4191860000000034,False,neural
True,False,10,0.39262899999999945,False,neural
True,False,10,0.31093400000000315,False,neural
False,True,10,0.15454499999999882,False,neural
True,False,10,0.5001620000000031,False,neural
True,False,10,1.1187629999999942,False,neural
False,True,10,0.09526799999999724,False,neural
False,True,10,0.18714300000000605,False,neural
True,False,10,0.10195199999999716,False,neural
True,False,10,0.2808120000000045,False,neural
True,False,10,0.22505699999999962,False,neural
False,True,10,0.11477800000000116,False,neural
False,True,10,0.04092099999999732,False,neural
True,False,10,0.3132359999999963,False,neural
False,True,10,0.08716900000000294,False,neural
False,True,10,0.24934100000000115,False,neural
True,False,12,0.004970000000000141,False,fol
True,False,12,0.005109000000004471,False,fol
True,False,12,0.006385999999999115,False,fol
True,False,12,0.0055440000000004375,False,fol
True,False,12,0.0056179999999983465,False,fol
False,True,12,0.00023999999999801958,True,fol
True,False,12,0.005197000000002561,False,fol
True,False,12,0.005444000000004223,False,fol
True,False,12,0.004823999999999273,False,fol
False,True,12,0.00023200000000400678,True,fol
True,False,12,0.005870999999999071,False,fol
True,False,12,0.0052629999999993515,False,fol
False,True,12,0.006039000000001238,True,fol
True,False,12,0.0052700000000029945,False,fol
False,True,12,0.00023900000000054433,True,fol
True,False,12,0.005535999999999319,False,fol
True,False,12,0.00601999999999947,False,fol
True,False,12,0.005899999999996908,False,fol
True,False,12,0.006129000000001383,False,fol
False,True,12,0.006447999999998899,True,fol
True,False,12,0.005706999999993911,False,fol
True,False,12,0.006256000000000483,False,fol
True,False,12,0.00505600000000328,False,fol
True,False,12,0.006090999999997848,False,fol
True,False,12,0.005451000000000761,False,fol
True,False,12,0.005511999999995965,False,fol
False,True,12,0.0007030000000014525,True,fol
True,False,12,0.0046909999999940055,False,fol
True,False,12,0.0029059999999958563,False,fol
True,False,12,0.005645999999998708,False,fol
False,True,12,0.0004650000000054888,True,fol
True,False,12,0.006230000000002178,False,fol
True,False,12,0.0059979999999981715,False,fol
True,False,12,0.005561000000000149,False,fol
False,True,12,0.00023500000000353793,True,fol
True,False,12,0.005456999999999823,False,fol
True,False,12,0.0060450000000003,False,fol
True,False,12,0.0059800000000009845,False,fol
True,False,12,0.005211000000002741,False,fol
True,False,12,0.005720000000003722,False,fol
True,False,12,0.005462999999998885,False,fol
True,False,12,0.006102999999995973,False,fol
False,True,12,0.006128000000003908,True,fol
True,False,12,0.005457999999997298,False,fol
True,False,12,0.005843999999996186,False,fol
True,False,12,0.0054220000000029245,False,fol
False,True,12,0.004919000000001006,True,fol
True,False,12,0.005218999999996754,False,fol
True,False,12,0.005597999999999104,False,fol
True,False,12,0.004982000000005371,False,fol
False,True,12,0.0005430000000004043,True,fol
True,False,12,0.005590999999995461,False,fol
True,False,12,0.005465999999998417,False,fol
True,False,12,0.005698000000002423,False,fol
False,True,12,0.00023900000000054433,True,fol
True,False,12,0.005759999999995102,False,fol
True,False,12,0.005038999999996463,False,fol
True,False,12,0.005733999999996797,False,fol
True,False,12,0.005254000000000758,False,fol
True,False,12,0.005068000000001405,False,fol
True,False,12,0.005416000000003862,False,fol
True,False,12,0.005417999999998813,False,fol
True,False,12,0.005647000000003288,False,fol
True,False,12,0.00571599999999961,False,fol
True,False,12,0.005463999999996361,False,fol
True,False,12,0.00543700000000058,False,fol
False,True,12,0.0006999999999948159,True,fol
True,False,12,0.005311999999996431,False,fol
True,False,12,0.005643999999996652,False,fol
True,False,12,0.005745000000004552,False,fol
True,False,12,0.0055720000000007985,False,fol
False,True,12,0.0004849999999976262,True,fol
True,False,12,0.005901999999998964,False,fol
True,False,12,0.006456000000000017,False,fol
True,False,12,0.00576600000000127,False,fol
True,False,12,0.005190999999996393,False,fol
True,False,12,0.005405000000003213,False,fol
True,False,12,0.006104000000000553,False,fol
True,False,12,0.005591999999992936,False,fol
True,False,12,0.006479000000005897,False,fol
True,False,12,0.005175000000001262,False,fol
True,False,12,0.005499000000000365,False,fol
True,False,12,0.00581799999999788,False,fol
True,False,12,0.0055139999999980205,False,fol
True,False,12,0.005999000000002752,False,fol
True,False,12,0.005451999999998236,False,fol
True,False,12,0.006244000000002359,False,fol
True,False,12,0.005530000000000257,False,fol
True,False,12,0.005710000000000548,False,fol
True,False,12,0.005763999999999214,False,fol
True,False,12,0.0056709999999995375,False,fol
True,False,12,0.004894999999997651,False,fol
True,False,12,0.00552699999999362,False,fol
True,False,12,0.004685000000002049,False,fol
True,False,12,0.004917999999996425,False,fol
True,False,12,0.00577899999999687,False,fol
True,False,12,0.006153999999995108,False,fol
True,False,12,0.005162999999996032,False,fol
True,False,12,0.005312000000003536,False,fol
True,False,12,0.005010000000005732,False,fol
True,False,12,0.3574469999999934,False,neural
False,True,12,0.1855200000000039,False,neural
False,True,12,2.5000000000829914e-05,False,neural
False,True,12,0.1562369999999973,False,neural
True,False,12,0.3508850000000052,False,neural
True,False,12,0.38029900000000083,False,neural
True,False,12,0.2959080000000043,False,neural
False,True,12,0.33091699999999946,False,neural
False,True,12,0.10940899999999942,False,neural
True,False,12,0.13373800000000102,False,neural
False,True,12,0.35067399999999793,False,neural
True,False,12,0.44518899999999917,False,neural
True,False,12,0.6716610000000003,False,neural
True,False,12,0.2449009999999987,False,neural
True,False,12,0.2172780000000003,False,neural
True,False,12,0.1839079999999953,False,neural
True,False,12,0.401215999999998,False,neural
False,True,12,0.3399039999999971,False,neural
True,False,12,0.22642600000000357,False,neural
False,True,12,0.40997200000000333,False,neural
True,False,12,0.7869870000000034,False,neural
False,True,12,0.22583499999999646,False,neural
True,False,12,0.4117689999999996,False,neural
False,True,12,2.400000000335467e-05,False,neural
False,True,12,1.1999999998124622e-05,False,neural
True,False,12,0.8144800000000032,False,neural
True,False,12,0.10514100000000326,False,neural
False,True,12,0.08696600000000387,False,neural
True,False,12,0.35097100000000125,False,neural
False,True,12,0.6772360000000006,False,neural
False,True,12,0.2670089999999945,False,neural
False,True,12,0.2421330000000026,False,neural
True,False,12,0.40041300000000035,False,neural
True,False,12,0.22728000000000037,False,neural
True,False,12,0.27256500000000017,False,neural
False,True,12,0.14775000000000205,False,neural
True,False,12,0.394165000000001,False,neural
False,True,12,0.0877879999999962,False,neural
True,False,12,0.35436200000000184,False,neural
False,True,12,2.5000000000829914e-05,False,neural
True,False,12,0.5019139999999993,False,neural
True,False,12,0.4601240000000004,False,neural
True,False,12,0.2785909999999987,False,neural
False,True,12,0.5182589999999934,False,neural
True,False,12,0.19442800000000204,False,neural
False,True,12,0.3454899999999981,False,neural
True,False,12,0.05695199999999545,False,neural
False,True,12,0.6348790000000051,False,neural
True,False,12,0.29086400000000623,False,neural
False,True,12,0.05956099999999509,False,neural
True,False,12,0.16183600000000098,False,neural
True,False,12,0.10735800000000495,False,neural
True,False,12,0.4658500000000032,False,neural
True,False,12,0.5121740000000017,False,neural
True,False,12,0.32085099999999755,False,neural
True,False,12,0.4510390000000015,False,neural
True,False,12,0.32935799999999915,False,neural
True,False,12,0.21761300000000006,False,neural
True,False,12,0.3067800000000034,False,neural
False,True,12,0.0922960000000046,False,neural
False,True,12,0.42609099999999955,False,neural
True,False,12,0.42024399999999673,False,neural
False,True,12,0.07065700000000419,False,neural
True,False,12,0.314856000000006,False,neural
False,True,12,0.08981800000000106,False,neural
True,False,12,0.22664199999999823,False,neural
False,True,12,2.5000000000829914e-05,False,neural
False,True,12,1.4000000000180535e-05,False,neural
False,True,12,0.2646519999999981,False,neural
True,False,12,0.4166129999999981,False,neural
False,True,12,0.2720910000000032,False,neural
True,False,12,0.3676530000000042,False,neural
True,False,12,0.18830000000000524,False,neural
True,False,12,0.31404899999999714,False,neural
True,False,12,0.4779940000000025,False,neural
True,False,12,0.3204029999999989,False,neural
True,False,12,0.4363959999999949,False,neural
False,True,12,2.5000000000829914e-05,False,neural
True,False,12,0.6105710000000002,False,neural
True,False,12,0.13521200000000277,False,neural
False,True,12,0.29377600000000115,False,neural
False,True,12,0.059114000000001,False,neural
True,False,12,0.29833,False,neural
False,True,12,2.5000000000829914e-05,False,neural
True,False,12,0.19267899999999116,False,neural
False,True,12,0.13797800000000393,False,neural
True,False,12,0.37061299999999164,False,neural
False,True,12,0.09234699999998952,False,neural
False,True,12,0.3548710000000028,False,neural
True,False,12,0.38239199999999585,False,neural
False,True,12,0.046300999999999704,False,neural
True,False,12,0.2330440000000067,False,neural
False,True,12,0.4019339999999971,False,neural
True,False,12,0.10618600000000811,False,neural
True,False,12,0.47053499999999815,False,neural
True,False,12,0.22948699999999178,False,neural
False,True,12,0.2999850000000066,False,neural
True,False,12,0.526512000000011,False,neural
False,True,12,0.2712879999999984,False,neural
False,True,12,0.23335600000000056,False,neural
True,False,14,0.008422999999993408,False,fol
True,False,14,0.008218999999996868,False,fol
True,False,14,0.006766999999996415,False,fol
True,False,14,0.00708300000000861,False,fol
True,False,14,0.007013000000000602,False,fol
False,True,14,0.0005639999999971224,True,fol
True,False,14,0.007677000000001044,False,fol
True,False,14,0.008499999999997954,False,fol
True,False,14,0.008083000000013385,False,fol
True,False,14,0.00756699999999455,False,fol
True,False,14,0.007651000000009844,False,fol
True,False,14,0.007397999999994909,False,fol
True,False,14,0.007179000000007818,False,fol
True,False,14,0.0069959999999866795,False,fol
True,False,14,0.00844900000001303,False,fol
True,False,14,0.007077999999992812,False,fol
True,False,14,0.007251000000010777,False,fol
True,False,14,0.0071439999999967085,False,fol
True,False,14,0.0072449999999975034,False,fol
False,True,14,0.00027799999999444935,True,fol
False,True,14,0.0005730000000028213,True,fol
True,False,14,0.00832499999999925,False,fol
True,False,14,0.007445000000004143,False,fol
True,False,14,0.006911000000002332,False,fol
True,False,14,0.00730000000000075,False,fol
False,True,14,0.00027599999999949887,True,fol
True,False,14,0.007593999999997436,False,fol
True,False,14,0.008075000000005161,False,fol
False,True,14,0.00775600000000054,True,fol
True,False,14,0.008538999999998964,False,fol
False,True,14,0.007789000000002488,True,fol
True,False,14,0.007819999999995275,False,fol
True,False,14,0.007282000000003563,False,fol
True,False,14,0.007649000000000683,False,fol
True,False,14,0.007255000000000678,False,fol
False,True,14,0.0011050000000096816,True,fol
True,False,14,0.006848000000005072,False,fol
True,False,14,0.0077569999999980155,False,fol
True,False,14,0.008324000000001774,False,fol
True,False,14,0.006953000000009979,False,fol
True,False,14,0.007899999999992247,False,fol
True,False,14,0.007587000000000899,False,fol
True,False,14,0.007063999999999737,False,fol
True,False,14,0.005060999999997762,False,fol
True,False,14,0.006735999999989417,False,fol
True,False,14,0.00743700000001013,False,fol
True,False,14,0.007051000000004137,False,fol
True,False,14,0.00694400000000428,False,fol
True,False,14,0.008067999999994413,False,fol
False,True,14,0.00029600000000584714,True,fol
True,False,14,0.0068260000000037735,False,fol
True,False,14,0.0075590000000005375,False,fol
True,False,14,0.00664000000000442,False,fol
True,False,14,0.008432999999996582,False,fol
True,False,14,0.007658999999989646,False,fol
False,True,14,0.0005749999999977717,True,fol
True,False,14,0.006642999999996846,False,fol
True,False,14,0.007183999999995194,False,fol
True,False,14,0.008032999999997514,False,fol
False,True,14,0.0002830000000102473,True,fol
True,False,14,0.007412000000002195,False,fol
True,False,14,0.007841999999996574,False,fol
True,False,14,0.007593999999997436,False,fol
True,False,14,0.00824900000000639,False,fol
True,False,14,0.007749999999987267,False,fol
True,False,14,0.007814999999993688,False,fol
True,False,14,0.007523000000006164,False,fol
True,False,14,0.007001999999999953,False,fol
True,False,14,0.007290000000011787,False,fol
True,False,14,0.007567000000008761,False,fol
True,False,14,0.007068000000003849,False,fol
True,False,14,0.0071159999999963475,False,fol
True,False,14,0.007014999999995553,False,fol
True,False,14,0.007570999999998662,False,fol
True,False,14,0.006838000000001898,False,fol
True,False,14,0.008154000000004658,False,fol
False,True,14,0.0002660000000105356,True,fol
True,False,14,0.007074000000002911,False,fol
True,False,14,0.007281000000006088,False,fol
True,False,14,0.008033000000011725,False,fol
True,False,14,0.007694999999998231,False,fol
True,False,14,0.007625999999987698,False,fol
True,False,14,0.0074939999999941165,False,fol
False,True,14,0.0005559999999888987,True,fol
True,False,14,0.007322999999999524,False,fol
True,False,14,0.007851000000002273,False,fol
False,True,14,0.007587999999998374,True,fol
True,False,14,0.007428000000004431,False,fol
True,False,14,0.007280999999991877,False,fol
True,False,14,0.007182999999997719,False,fol
False,True,14,0.0002890000000093096,True,fol
True,False,14,0.007601999999991449,False,fol
True,False,14,0.00717399999999202,False,fol
True,False,14,0.0077619999999996026,False,fol
True,False,14,0.0078189999999978,False,fol
True,False,14,0.00788399999999001,False,fol
True,False,14,0.006109000000009246,False,fol
True,False,14,0.007514000000000465,False,fol
True,False,14,0.007913999999999533,False,fol
True,False,14,0.007268000000010488,False,fol
False,True,14,0.3357039999999927,False,neural
True,False,14,0.5815359999999998,False,neural
False,True,14,0.636722000000006,False,neural
False,True,14,0.0539359999999931,False,neural
False,True,14,0.4929949999999934,False,neural
True,False,14,0.5727689999999939,False,neural
False,True,14,0.3807779999999923,False,neural
False,True,14,0.22171799999999564,False,neural
False,True,14,0.3077519999999936,False,neural
False,True,14,0.2182419999999894,False,neural
False,True,14,0.3548380000000009,False,neural
False,True,14,0.2701540000000051,False,neural
True,False,14,0.16611199999999826,False,neural
False,True,14,0.19881200000000376,False,neural
True,False,14,0.24338900000000763,False,neural
True,False,14,0.6212359999999961,False,neural
False,True,14,0.3214150000000018,False,neural
True,False,14,0.29912000000000205,False,neural
True,False,14,0.3194469999999967,False,neural
False,True,14,0.2472049999999939,False,neural
True,False,14,0.27351600000000076,False,neural
False,True,14,0.3556480000000022,False,neural
True,False,14,0.5803470000000033,False,neural
False,True,14,1.0544519999999977,False,neural
False,True,14,0.4565199999999976,False,neural
True,False,14,0.38666299999999865,False,neural
False,True,14,0.08829400000000476,False,neural
False,True,14,0.28502000000000294,False,neural
False,True,14,0.15820099999999115,False,neural
True,False,14,0.41297499999998877,False,neural
False,True,14,0.10736799999999391,False,neural
False,True,14,0.19202599999999848,False,neural
False,True,14,0.0539449999999988,False,neural
True,False,14,0.5378680000000031,False,neural
False,True,14,2.8999999997836312e-05,False,neural
True,False,14,0.3335170000000005,False,neural
True,False,14,0.30305800000000715,False,neural
False,True,14,0.322141000000002,False,neural
True,False,14,0.3232189999999946,False,neural
False,True,14,0.3555849999999907,False,neural
True,False,14,0.46136599999999817,False,neural
True,False,14,0.3866349999999983,False,neural
True,False,14,0.7151119999999906,False,neural
True,False,14,0.1868869999999987,False,neural
True,False,14,0.6822659999999985,False,neural
True,False,14,0.29528700000000185,False,neural
True,False,14,0.26920600000001116,False,neural
False,True,14,0.2906929999999903,False,neural
False,True,14,2.4999999993724487e-05,False,neural
True,False,14,0.0822909999999979,False,neural
False,True,14,0.14296299999999462,False,neural
False,True,14,2.3999999996249244e-05,False,neural
False,True,14,0.46564599999999245,False,neural
False,True,14,0.07284900000000505,False,neural
True,False,14,0.1627679999999998,False,neural
False,True,14,0.030743000000001075,False,neural
True,False,14,0.3642449999999968,False,neural
False,True,14,2.6000000005410584e-05,False,neural
True,False,14,0.34722099999999045,False,neural
False,True,14,0.16222300000001155,False,neural
False,True,14,0.3792570000000097,False,neural
False,True,14,0.13968099999999595,False,neural
False,True,14,0.028759999999991237,False,neural
False,True,14,0.666476000000003,False,neural
False,True,14,2.500000000793534e-05,False,neural
True,False,14,0.3527789999999982,False,neural
False,True,14,0.4170429999999925,False,neural
True,False,14,0.23338300000000345,False,neural
False,True,14,0.27374899999999514,False,neural
True,False,14,0.2471840000000043,False,neural
True,False,14,0.1034439999999961,False,neural
False,True,14,0.42058500000000265,False,neural
False,True,14,0.13549500000000592,False,neural
False,True,14,0.05399300000000551,False,neural
True,False,14,0.21814200000000028,False,neural
True,False,14,0.22959799999999575,False,neural
True,False,14,0.37770100000000184,False,neural
False,True,14,0.4923919999999953,False,neural
True,False,14,0.2736539999999934,False,neural
False,True,14,2.4999999993724487e-05,False,neural
True,False,14,0.36346500000000503,False,neural
True,False,14,0.5147800000000018,False,neural
True,False,14,0.37499400000000094,False,neural
True,False,14,0.48642299999998784,False,neural
False,True,14,0.7985840000000053,False,neural
True,False,14,0.5409150000000125,False,neural
False,True,14,2.3999999996249244e-05,False,neural
False,True,14,0.3518310000000042,False,neural
True,False,14,0.21756000000000597,False,neural
True,False,14,0.3570490000000035,False,neural
True,False,14,0.40056099999999617,False,neural
False,True,14,0.32266900000000476,False,neural
False,True,14,0.45345100000000116,False,neural
False,True,14,0.38808699999999874,False,neural
True,False,14,0.1916089999999997,False,neural
False,True,14,0.40534499999999696,False,neural
False,True,14,0.24807799999999247,False,neural
False,True,14,0.6171519999999902,False,neural
True,False,14,0.5225290000000058,False,neural
True,False,14,0.2975140000000067,False,neural
True,False,16,0.010373000000001298,False,fol
True,False,16,0.010358999999994012,False,fol
True,False,16,0.00866999999999507,False,fol
True,False,16,0.009902000000010958,False,fol
True,False,16,0.009869999999992274,False,fol
True,False,16,0.010069999999998913,False,fol
True,False,16,0.010340999999996825,False,fol
True,False,16,0.010887999999994236,False,fol
True,False,16,0.010152000000005046,False,fol
False,True,16,0.0110870000000034,True,fol
True,False,16,0.009765999999999053,False,fol
True,False,16,0.010027000000008002,False,fol
False,True,16,0.0006490000000098917,True,fol
True,False,16,0.009394000000000347,False,fol
False,True,16,0.0007960000000082346,True,fol
True,False,16,0.009456000000000131,False,fol
True,False,16,0.010356999999999061,False,fol
True,False,16,0.009824000000008937,False,fol
True,False,16,0.00940200000000857,False,fol
True,False,16,0.010159999999999059,False,fol
True,False,16,0.008651999999997884,False,fol
False,True,16,0.010053999999996677,True,fol
False,True,16,0.009759999999999991,True,fol
True,False,16,0.009734999999992056,False,fol
True,False,16,0.00998400000000288,False,fol
True,False,16,0.009337999999999624,False,fol
True,False,16,0.009949999999989245,False,fol
True,False,16,0.009661999999991622,False,fol
True,False,16,0.009675000000001432,False,fol
True,False,16,0.00918500000000222,False,fol
False,True,16,0.00033299999999769625,True,fol
True,False,16,0.010371999999989612,False,fol
True,False,16,0.009341999999989525,False,fol
False,True,16,0.0003150000000005093,True,fol
True,False,16,0.009360000000000923,False,fol
True,False,16,0.010231000000004542,False,fol
False,True,16,0.010313999999993939,True,fol
True,False,16,0.009889999999998622,False,fol
True,False,16,0.01062000000000296,False,fol
True,False,16,0.009692000000001144,False,fol
True,False,16,0.010122999999992999,False,fol
True,False,16,0.009665999999995734,False,fol
True,False,16,0.009425999999990609,False,fol
True,False,16,0.00996200000000158,False,fol
True,False,16,0.009895999999997684,False,fol
True,False,16,0.00998400000000288,False,fol
False,True,16,0.00033600000000433283,True,fol
True,False,16,0.010163000000005695,False,fol
True,False,16,0.009599000000008573,False,fol
True,False,16,0.009994000000006054,False,fol
True,False,16,0.009253000000001066,False,fol
False,True,16,0.0006479999999982056,True,fol
True,False,16,0.009293999999997027,False,fol
True,False,16,0.009585999999998762,False,fol
True,False,16,0.010000000000005116,False,fol
True,False,16,0.010255999999998267,False,fol
True,False,16,0.010342999999991775,False,fol
True,False,16,0.010442999999995095,False,fol
True,False,16,0.009487000000007129,False,fol
True,False,16,0.00996200000000158,False,fol
True,False,16,0.010165999999998121,False,fol
True,False,16,0.009596000000001936,False,fol
True,False,16,0.01013799999999776,False,fol
True,False,16,0.010114999999998986,False,fol
True,False,16,0.009384000000011383,False,fol
True,False,16,0.009581000000011386,False,fol
True,False,16,0.010067000000006487,False,fol
True,False,16,0.00973199999999963,False,fol
True,False,16,0.008765999999994278,False,fol
True,False,16,0.009344999999996162,False,fol
True,False,16,0.010035000000002015,False,fol
True,False,16,0.009082000000006474,False,fol
True,False,16,0.009765000000001578,False,fol
False,True,16,0.0006510000000048421,True,fol
True,False,16,0.009816999999998188,False,fol
False,True,16,0.00034200000000339514,True,fol
True,False,16,0.009627999999992198,False,fol
True,False,16,0.010086999999998625,False,fol
True,False,16,0.009533000000004677,False,fol
True,False,16,0.010446999999999207,False,fol
True,False,16,0.010356999999999061,False,fol
True,False,16,0.009760999999997466,False,fol
True,False,16,0.009759999999999991,False,fol
True,False,16,0.008650000000002933,False,fol
True,False,16,0.010514000000000578,False,fol
True,False,16,0.008820999999997525,False,fol
True,False,16,0.01039199999999596,False,fol
True,False,16,0.010204999999999131,False,fol
True,False,16,0.009319000000004962,False,fol
True,False,16,0.010306999999997402,False,fol
True,False,16,0.010463999999998919,False,fol
True,False,16,0.008916999999996733,False,fol
True,False,16,0.00926499999999919,False,fol
False,True,16,0.00034099999999170905,True,fol
True,False,16,0.009055000000003588,False,fol
False,True,16,0.0003379999999992833,True,fol
True,False,16,0.009215999999995006,False,fol
True,False,16,0.009929999999997108,False,fol
True,False,16,0.008251999999998816,False,fol
True,False,16,0.00989699999999516,False,fol
True,False,16,0.3520940000000081,False,neural
True,False,16,0.40672899999999856,False,neural
False,True,16,0.5020379999999989,False,neural
True,False,16,0.6850009999999997,False,neural
False,True,16,0.19703900000000374,False,neural
True,False,16,0.36391500000000576,False,neural
False,True,16,0.09762299999999868,False,neural
True,False,16,0.38374600000000214,False,neural
False,True,16,0.05987499999999102,False,neural
False,True,16,0.4659639999999996,False,neural
False,True,16,0.5669630000000012,False,neural
False,True,16,4.500000000007276e-05,False,neural
False,True,16,0.2589090000000027,False,neural
False,True,16,0.09571400000000096,False,neural
True,False,16,1.1420109999999966,False,neural
False,True,16,0.08524900000000457,False,neural
False,True,16,0.3075150000000093,False,neural
False,True,16,0.3253380000000021,False,neural
False,True,16,0.3653049999999922,False,neural
False,True,16,2.599999999119973e-05,False,neural
True,False,16,0.5998579999999976,False,neural
False,True,16,0.5838129999999921,False,neural
True,False,16,0.5317759999999936,False,neural
True,False,16,0.6700159999999897,False,neural
True,False,16,0.5110570000000081,False,neural
False,True,16,0.04363899999999887,False,neural
False,True,16,0.24112300000000175,False,neural
True,False,16,0.276795000000007,False,neural
True,False,16,1.136887999999999,False,neural
False,True,16,0.2919380000000018,False,neural
False,True,16,0.3180729999999983,False,neural
False,True,16,0.35470300000000066,False,neural
False,True,16,0.17401399999999967,False,neural
True,False,16,0.46914200000000505,False,neural
False,True,16,0.15894200000001035,False,neural
False,True,16,0.3221459999999894,False,neural
False,True,16,2.7000000002885827e-05,False,neural
False,True,16,0.4857330000000104,False,neural
True,False,16,0.661845999999997,False,neural
True,False,16,0.4569410000000005,False,neural
False,True,16,0.26275900000000263,False,neural
False,True,16,0.1951040000000006,False,neural
False,True,16,0.4038400000000024,False,neural
False,True,16,0.4042129999999986,False,neural
False,True,16,0.5546899999999937,False,neural
False,True,16,0.1085819999999984,False,neural
False,True,16,0.15066000000000201,False,neural
False,True,16,2.7000000002885827e-05,False,neural
False,True,16,0.3706669999999974,False,neural
False,True,16,0.12842700000000207,False,neural
False,True,16,0.27256700000000933,False,neural
True,False,16,0.2980710000000073,False,neural
False,True,16,0.3871129999999994,False,neural
False,True,16,0.6520820000000072,False,neural
True,False,16,0.32203800000000626,False,neural
True,False,16,0.6183130000000006,False,neural
True,False,16,0.3847850000000079,False,neural
False,True,16,0.4215990000000005,False,neural
True,False,16,0.3457439999999963,False,neural
False,True,16,0.12370199999999443,False,neural
False,True,16,0.06318399999999258,False,neural
False,True,16,0.12998299999999574,False,neural
False,True,16,0.19253600000000404,False,neural
False,True,16,0.16288400000000536,False,neural
False,True,16,0.5426969999999898,False,neural
False,True,16,0.40187199999999734,False,neural
False,True,16,2.4999999993724487e-05,False,neural
False,True,16,0.1223059999999947,False,neural
True,False,16,0.340715000000003,False,neural
False,True,16,2.4999999993724487e-05,False,neural
False,True,16,0.2414930000000055,False,neural
False,True,16,0.7213069999999959,False,neural
True,False,16,0.40947599999999795,False,neural
False,True,16,0.6495780000000053,False,neural
False,True,16,0.37099000000000615,False,neural
True,False,16,0.5671610000000129,False,neural
True,False,16,0.34860100000000216,False,neural
False,True,16,0.36733800000001793,False,neural
False,True,16,0.061279000000013184,False,neural
True,False,16,0.7454630000000009,False,neural
True,False,16,0.44904900000000225,False,neural
False,True,16,0.30291699999997945,False,neural
False,True,16,0.9965370000000178,False,neural
False,True,16,0.47950700000001234,False,neural
True,False,16,0.9629320000000234,False,neural
True,False,16,0.24942399999997633,False,neural
True,False,16,0.34743499999999017,False,neural
False,True,16,1.3436590000000024,False,neural
True,False,16,0.43870699999999374,False,neural
False,True,16,0.635423000000003,False,neural
True,False,16,0.3815060000000017,False,neural
False,True,16,0.6674429999999916,False,neural
True,False,16,0.6023569999999836,False,neural
True,False,16,0.41971199999997566,False,neural
False,True,16,0.19618900000000394,False,neural
False,True,16,0.09919200000001638,False,neural
True,False,16,0.39480899999998087,False,neural
True,False,16,0.13823999999999614,False,neural
False,True,16,0.6066160000000025,False,neural
False,True,16,0.9890220000000056,False,neural
True,False,18,0.013743000000005168,False,fol
True,False,18,0.012649000000010346,False,fol
True,False,18,0.012223000000005868,False,fol
True,False,18,0.012945000000001983,False,fol
True,False,18,0.01184500000002231,False,fol
True,False,18,0.01316100000002507,False,fol
True,False,18,0.013336000000009562,False,fol
True,False,18,0.01264600000001792,False,fol
True,False,18,0.012955000000005157,False,fol
True,False,18,0.013733000000001994,False,fol
True,False,18,0.012404000000003634,False,fol
True,False,18,0.013315000000005739,False,fol
True,False,18,0.01257000000001085,False,fol
True,False,18,0.010625000000004547,False,fol
True,False,18,0.01192499999999086,False,fol
True,False,18,0.010713999999978796,False,fol
True,False,18,0.012652000000002772,False,fol
True,False,18,0.01284099999998034,False,fol
True,False,18,0.012507999999996855,False,fol
True,False,18,0.012165000000010195,False,fol
True,False,18,0.011717000000004418,False,fol
False,True,18,0.012871000000018284,True,fol
True,False,18,0.012260999999995192,False,fol
True,False,18,0.01077399999999784,False,fol
True,False,18,0.011829000000005863,False,fol
True,False,18,0.012450000000001182,False,fol
True,False,18,0.013046000000002778,False,fol
True,False,18,0.01293899999998871,False,fol
True,False,18,0.012460000000004356,False,fol
True,False,18,0.013499999999993406,False,fol
True,False,18,0.011856999999992013,False,fol
True,False,18,0.013279000000011365,False,fol
True,False,18,0.012400999999982787,False,fol
True,False,18,0.012591999999983727,False,fol
True,False,18,0.013876000000010436,False,fol
False,True,18,0.00039400000000000546,True,fol
False,True,18,0.0017269999999882657,True,fol
True,False,18,0.012094999999987976,False,fol
True,False,18,0.012426000000004933,False,fol
True,False,18,0.013705999999984897,False,fol
True,False,18,0.011931000000004133,False,fol
True,False,18,0.012622999999990725,False,fol
True,False,18,0.01215100000001712,False,fol
False,True,18,0.0007730000000094606,True,fol
True,False,18,0.013974999999987858,False,fol
True,False,18,0.012744999999995343,False,fol
True,False,18,0.013317999999998165,False,fol
True,False,18,0.012604999999979327,False,fol
True,False,18,0.012513000000012653,False,fol
True,False,18,0.011974999999978309,False,fol
True,False,18,0.012484999999998081,False,fol
True,False,18,0.011745999999988044,False,fol
True,False,18,0.01192899999998076,False,fol
True,False,18,0.011775000000000091,False,fol
True,False,18,0.012413999999978387,False,fol
False,True,18,0.0011730000000227392,True,fol
True,False,18,0.012776000000002341,False,fol
True,False,18,0.01136500000001206,False,fol
True,False,18,0.012044000000003052,False,fol
True,False,18,0.012123000000002548,False,fol
False,True,18,0.0003740000000220789,True,fol
True,False,18,0.012255999999979394,False,fol
False,True,18,0.0004019999999798074,True,fol
True,False,18,0.01167100000000687,False,fol
True,False,18,0.013537000000013677,False,fol
False,True,18,0.0003749999999911324,True,fol
True,False,18,0.0120640000000094,False,fol
True,False,18,0.013262000000025864,False,fol
True,False,18,0.01258300000000645,False,fol
True,False,18,0.013136000000002923,False,fol
True,False,18,0.013836999999995214,False,fol
True,False,18,0.01325400000001764,False,fol
True,False,18,0.012677999999993972,False,fol
True,False,18,0.012270999999998367,False,fol
True,False,18,0.013082999999994627,False,fol
True,False,18,0.012877000000003136,False,fol
True,False,18,0.012226999999995769,False,fol
True,False,18,0.01297600000000898,False,fol
True,False,18,0.012541999999996278,False,fol
True,False,18,0.012369000000006736,False,fol
True,False,18,0.013261999999997443,False,fol
True,False,18,0.012731999999999744,True,fol
True,False,18,0.011060000000014725,False,fol
True,False,18,0.01256600000002095,False,fol
True,False,18,0.012550000000004502,False,fol
True,False,18,0.01270900000000097,False,fol
True,False,18,0.012729000000007318,False,fol
True,False,18,0.012588999999991302,False,fol
True,False,18,0.012680000000017344,False,fol
True,False,18,0.012751000000008617,False,fol
True,False,18,0.01228100000000154,False,fol
True,False,18,0.011548000000004777,False,fol
True,False,18,0.012183999999990647,False,fol
False,True,18,0.00041500000000382897,True,fol
True,False,18,0.012844000000001188,False,fol
True,False,18,0.013654999999999973,False,fol
True,False,18,0.0130929999999978,False,fol
False,True,18,0.0003719999999987067,True,fol
True,False,18,0.012509000000022752,False,fol
True,False,18,0.012735999999989644,False,fol
True,False,18,0.9025190000000123,False,neural
False,True,18,0.32295400000000996,False,neural
False,True,18,2.6999999988674972e-05,False,neural
True,False,18,0.7434179999999913,False,neural
False,True,18,0.21617700000001605,False,neural
True,False,18,0.5809289999999976,False,neural
True,False,18,0.551195000000007,False,neural
True,False,18,0.467946999999981,False,neural
True,False,18,1.6266680000000235,False,neural
False,True,18,0.4480890000000102,False,neural
True,False,18,0.8048529999999801,False,neural
True,False,18,0.6384309999999971,False,neural
False,True,18,0.563999999999993,False,neural
False,True,18,0.14589599999999336,False,neural
False,True,18,0.5738709999999969,False,neural
False,True,18,2.7999999986150215e-05,False,neural
True,False,18,0.6939550000000168,False,neural
False,True,18,0.7211720000000241,False,neural
True,False,18,0.5199690000000032,False,neural
False,True,18,0.16461900000001606,False,neural
False,True,18,0.3251300000000015,False,neural
False,True,18,0.5195019999999886,False,neural
False,True,18,0.35132200000001035,False,neural
True,False,18,0.2597059999999942,False,neural
False,True,18,0.07315500000001407,False,neural
False,True,18,0.28357500000001323,False,neural
True,False,18,0.8012159999999824,False,neural
True,False,18,0.7317070000000001,False,neural
False,True,18,1.108791000000025,False,neural
True,False,18,0.4177799999999934,False,neural
False,True,18,0.2580520000000206,False,neural
True,False,18,0.5830310000000054,False,neural
False,True,18,2.9000000012047167e-05,False,neural
False,True,18,0.24033899999997743,False,neural
False,True,18,0.5103679999999997,False,neural
True,False,18,0.6194889999999873,False,neural
False,True,18,0.4609219999999823,False,neural
False,True,18,0.6618089999999768,False,neural
False,True,18,0.17609100000001376,False,neural
False,True,18,0.6736860000000036,False,neural
True,False,18,0.36962299999999004,False,neural
False,True,18,0.35082200000002217,False,neural
False,True,18,0.14061300000000188,False,neural
False,True,18,0.1416499999999985,False,neural
False,True,18,0.7170040000000029,False,neural
False,True,18,0.43781799999999294,False,neural
False,True,18,0.39525699999998665,False,neural
False,True,18,0.14506000000000085,False,neural
False,True,18,0.8894149999999854,False,neural
False,True,18,2.700000001709668e-05,False,neural
True,False,18,0.9423109999999895,False,neural
False,True,18,0.5706230000000119,False,neural
True,False,18,0.6776789999999835,False,neural
False,True,18,0.1067910000000154,False,neural
False,True,18,0.2114210000000014,False,neural
True,False,18,1.3319860000000006,False,neural
True,False,18,1.0570409999999981,False,neural
True,False,18,0.13723600000000147,False,neural
True,False,18,0.4165179999999964,False,neural
True,False,18,0.6132280000000208,False,neural
True,False,18,0.623408999999981,False,neural
True,False,18,0.2858019999999897,False,neural
False,True,18,0.27222400000002267,False,neural
True,False,18,0.42408100000000104,False,neural
False,True,18,2.4999999993724487e-05,False,neural
False,True,18,1.7000000013922545e-05,False,neural
False,True,18,0.5922400000000039,False,neural
False,True,18,2.9000000012047167e-05,False,neural
False,True,18,0.5920209999999884,False,neural
False,True,18,0.10484000000002425,False,neural
True,False,18,0.5023999999999944,False,neural
False,True,18,0.4546420000000069,False,neural
False,True,18,0.2595789999999738,False,neural
True,False,18,0.42621800000000576,False,neural
False,True,18,0.39950599999997394,False,neural
False,True,18,0.9421940000000006,False,neural
True,False,18,1.1114319999999793,False,neural
False,True,18,2.599999999119973e-05,False,neural
True,False,18,0.7490710000000149,False,neural
True,False,18,0.7756120000000237,False,neural
False,True,18,0.46741300000002184,False,neural
False,True,18,0.724174000000005,False,neural
True,False,18,0.3997129999999913,False,neural
False,True,18,0.37778699999998366,False,neural
False,True,18,0.31179199999999696,False,neural
False,True,18,0.8150930000000187,False,neural
True,False,18,0.44582500000001346,False,neural
False,True,18,0.2737419999999986,False,neural
False,True,18,0.9784239999999897,False,neural
False,True,18,0.11269599999999969,False,neural
False,True,18,0.7508860000000084,False,neural
False,True,18,0.6284199999999771,False,neural
False,True,18,0.2248949999999752,False,neural
False,True,18,0.8938210000000026,False,neural
False,True,18,0.23597599999999375,False,neural
True,False,18,0.6987039999999922,False,neural
False,True,18,0.9556829999999934,False,neural
False,True,18,1.2113589999999874,False,neural
False,True,18,0.5130329999999788,False,neural
True,False,18,0.45552399999999693,False,neural
